competitor,supplier_type,region,segment,pricing_band,price_notes,warranty_terms,compliance_posture,certifications,integration_model,oem_program,differentiators,gaps_opportunities,sources_notes,last_updated
Bosch Security Systems (B Series/Commercial),OEM Program,Global,Intrusion/Panel,$$$,Commercial-grade panels/sensors typically premium vs DIY; channel pricing varies,"Limited lifetime on select hardware; typical 2-3 yr electronics (varies by product/region)",Strong,"UL, CE, EN standards (varies by region/product)",Dealer/channel installed,Yes,"Brand trust, broad portfolio, mature installer ecosystem","Opportunity: simplify onboarding, modern app UX, transparent warranty matrix","Public product literature; channel practices vary",2025-12-27
Honeywell Home/Resideo (ProSeries/Total Connect),OEM Program,North America,Intrusion/Smart Home,$$$,Pro + consumer overlap; higher-end monitoring ecosystem,"1-2 yr typical; extended via dealers/authorized programs",Strong,"UL, FCC, CE (by product)",Dealer/channel + monitoring-centric,Yes,"Large installed base, monitoring integrations, accessory ecosystem","Opportunity: reduce complexity and SKU sprawl; clearer compliance disclosure per bundle","Public docs + market norms",2025-12-27
Johnson Controls / Qolsys (IQ Panel),OEM Program,North America,Smart Security Panel,$$$,Mid-to-premium; subscription/monitoring bundles common,"1-2 yr hardware typical; dealer administered",Strong,"UL, FCC, Z-Wave certifications (by model)",Dealer/installer + monitoring,Yes,"Modern UX, strong radio stack, dealer-friendly ecosystem","Opportunity: clearer non-dealer purchase path; publish warranty/compliance per kit","Public product info; channel norms",2025-12-27
Alarm.com (platform + partners),Integrator,North America,Monitoring/Automation Platform,$$$$,Platform licensing; bundled via dealers/monitoring providers,"Warranty depends on partner hardware; platform SLA contract-based",Strong,"SOC2-type controls reported by partners; device certs vary",Dealer + SaaS platform,Yes,"Best-in-class automation platform, deep partner integrations","Opportunity: differentiate via open APIs for SMB; more transparent security posture summary","Industry knowledge; partner-specific",2025-12-27
ADT (Command/Blue + monitoring),Integrator,North America,Residential & SMB Security,$$$$,Higher total cost due to professional install + contracts,"Lifetime/extended via service plans; hardware varies",Strong,"UL (monitoring), internal security programs (varies)",Professional install + monitoring,Yes,"Brand awareness, nationwide install/service, monitoring scale","Opportunity: flexible contract terms; modern self-serve upgrades","Public offerings; terms vary by plan",2025-12-27
Vivint (Smart Home Security),Integrator,North America,Residential Security,$$$$,Premium bundles with financing/contract models,"Typically 1 yr hardware; extended via service plans",Strong,"Device certs vary; internal security programs",Professional install + monitoring,No,"Polished smart-home experience, strong sales/service model","Opportunity: transparent pricing; shorter/no-contract options","Public offerings; terms vary",2025-12-27
Brinks Home (monitoring + partners),Integrator,North America,Monitoring/Residential,$$$,Bundled pricing; partner hardware dependent,"Varies by hardware + plan; typical 1-2 yr",Moderate,"Depends on partner devices; monitoring certifications vary",Installer + monitoring,Yes,"Monitoring focus, partnerships with device OEMs","Opportunity: differentiated kit SKUs; publish compliance and warranty per kit","Public site + industry norms",2025-12-27
SimpliSafe,Kit Supplier,North America/UK,DIY Home Security,$$,Competitive midrange hardware; subscription optional,"1 yr limited; extended warranty available with plans (region-dependent)",Moderate,"FCC/CE device compliance; limited formal enterprise attestations",Direct-to-consumer DIY,No,"Strong brand in DIY, easy install, good UX","Opportunity: stronger privacy/security transparency; pro-grade options","Public warranty/pricing pages",2025-12-27
Ring Alarm (Amazon),Kit Supplier,Global,DIY Security/Video,$$,Aggressive pricing; bundles + Prime promos common,"1 yr limited; extended via Ring Protect plans",Moderate,"FCC/CE; security programs disclosed at Amazon level",DIY + optional pro monitoring,No,"Ecosystem with cameras/doorbells, low entry price","Opportunity: enterprise/SMB bundles; clearer data retention controls","Public listings and policies",2025-12-27
Arlo (Security System + cameras),Kit Supplier,Global,DIY Video/Alarm,$$,Midrange; camera-first pricing; subscriptions common,"1 yr limited typical; extended plans available",Moderate,"FCC/CE; privacy policies public",DIY,No,"Strong camera hardware, flexible storage options","Opportunity: tighter intrusion + camera workflow; publish compliance mapping","Public warranty/policies",2025-12-27
Eufy Security (Anker),Kit Supplier,Global,DIY Video/Alarm,$,Value pricing; local storage emphasized,"12 months typical; varies by country",Moderate,"FCC/CE; posture impacted by historical disclosure events",DIY,No,"Value + local storage, broad product variety","Opportunity: regain trust with independent audits and clearer disclosures","Public listings + widely known security discussions",2025-12-27
Aqara (Xiaomi ecosystem),Kit Supplier,Global,Smart Home Sensors/Hubs,$,Value; often sold as smart-home kits,"1 yr typical; retailer-dependent",Moderate,"FCC/CE; Matter support improving",DIY,No,"Great sensor lineup, Zigbee/Matter bridge, strong pricing","Opportunity: security-focused kits and monitoring partnerships","Public specs; channel dependent",2025-12-27
Ubiquiti UniFi Protect,Kit Supplier,Global,Prosumer/SMB Video,$$$,Higher upfront; no mandatory subscription,"1 yr limited typical; RMA policy varies by region",Moderate,"FCC/CE; security posture mixed; disclosures public",Installer/IT-managed,No,"Local NVR, strong SMB ecosystem, no recurring fees","Opportunity: add intrusion kits + compliance documentation for SMB buyers","Public docs + community norms",2025-12-27
Axis Communications (cameras + ecosystem),OEM Program,Global,Enterprise Video,$$$$,Enterprise premium; project-based pricing,"3-5 yr typical on many models (varies)",Strong,"ISO 9001/14001; device hardening guides; regional certs",Integrator-led,Yes,"Enterprise trust, long lifecycle, strong cybersecurity guidance","Opportunity: packaged kits for SMB with simplified procurement","Public datasheets/whitepapers",2025-12-27
Hikvision,OEM Program,Global,Video Surveillance,$$,Often low-to-mid pricing; large SKU breadth,"2-3 yr typical (varies by distributor)",Moderate,"Compliance concerns in some regions; restrictions/ban lists apply",Integrator/channel,Yes,"Price/performance, broad portfolio","Opportunity: offer compliant alternatives; highlight supply-chain transparency","Public market context; region-dependent restrictions",2025-12-27
Dahua Technology,OEM Program,Global,Video Surveillance,$$,Value pricing similar to peers,"2-3 yr typical (varies)",Moderate,"Compliance concerns in some regions; restrictions apply",Integrator/channel,Yes,"Broad portfolio, aggressive pricing","Opportunity: compliant procurement guidance and alternatives","Public market context",2025-12-27
Hanwha Vision (Samsung),OEM Program,Global,Video Surveillance,$$$,Mid-to-premium; enterprise channel,"3 yr typical; some lines longer",Strong,"NDAA-friendly positioning; ISO programs noted",Integrator/channel,Yes,"Trusted enterprise brand, strong cybersecurity messaging","Opportunity: pre-bundled kits + faster SMB deployment playbooks","Public materials",2025-12-27
Verkada (cloud-managed video/access),Integrator,North America/Europe,Cloud Physical Security,$$$$,Higher subscription-driven TCO; enterprise/SaaS pricing,"Limited hardware warranty; extended with subscriptions/enterprise terms",Strong,"SOC 2 reports; enterprise security posture emphasized",Vendor-managed + installer partners,No,"Unified cloud-managed platform, fast deployment","Opportunity: midmarket pricing tier; publish clear warranty/compliance per bundle","Public security/compliance pages",2025-12-27
Genetec (Security Center platform),Integrator,Global,Enterprise VMS/Access Platform,$$$$,Software licensing + integrator services; enterprise pricing,"Software maintenance contracts; hardware via partners",Strong,"ISO/SOC reports; strong security documentation",Integrator-led + platform,Yes,"Enterprise-grade unified platform, strong partner ecosystem","Opportunity: packaged reference architectures for SMB/branch deployments","Public docs + partner programs",2025-12-27
Milestone Systems (XProtect VMS),Integrator,Global,VMS Platform,$$$,Software pricing tiered; hardware via partners,"Software support via maintenance; hardware varies",Strong,"Security advisories and lifecycle policies public",Integrator-led,Yes,"Large ecosystem, flexible deployments","Opportunity: simplified bundles + compliance mapping templates","Public docs",2025-12-27
Schneider Electric (EcoStruxure Security),Integrator,Global,Building/Enterprise Security,$$$$,Enterprise building/security convergence; project-based,"Varies by project/vendor hardware",Strong,"ISO programs; regional building compliance",Integrator/project,Yes,"Building systems integration + energy management synergy","Opportunity: smaller packaged kits + faster install playbooks","Public positioning",2025-12-27
